Town_City,Count of Practice_Code
LONDON,1397
BIRMINGHAM,418
MANCHESTER,307
LIVERPOOL,269
NOTTINGHAM,209
LEEDS,198
LEICESTER,190
BRISTOL,180
SHEFFIELD,151
COVENTRY,147
BRADFORD,129
STOKE-ON-TRENT,118
NEWCASTLE UPON TYNE,118
DONCASTER,115
WOLVERHAMPTON,112
WIGAN,106
HULL,96
SOUTHAMPTON,95
PLYMOUTH,94
WARRINGTON,88
GLOUCESTER,87
ROTHERHAM,86
BOLTON,86
OLDHAM,84
LINCOLN,83
READING,81
BODMIN,81
PRESTON,81
WALSALL,79
DERBY,78
BRIGHTON,76
BEDFORD,74
ASHFORD,72
NORWICH,70
CARDIFF,67
SUNDERLAND,66
YORK,66
LUTON,65
COLCHESTER,63
HARROW,63
PETERBOROUGH,62
CHELTENHAM,62
HUDDERSFIELD,61
SWINDON,60
MIDDLESBROUGH,60
WORCESTER,57
MILTON KEYNES,55
STOCKPORT,55
GRIMSBY,54
CAMBRIDGE,54
NORTHAMPTON,54
BLACKBURN,53
IPSWICH,53
CHESTERFIELD,53
EXETER,53
NEWPORT,52
ILFORD,52
SWANSEA,51
HARTLEPOOL,51
BLACKPOOL,49
HEREFORD,48
CHELMSFORD,48
BARNSLEY,47
BATH,47
ROMFORD,47
GILLINGHAM,46
HARROGATE,46
WIRRAL,45
ST. HELENS,45
ROCHDALE,43
SHREWSBURY,43
STAFFORD,43
BASILDON,43
GATESHEAD,42
WEST BROMWICH,42
SOUTHALL,41
WAKEFIELD,40
BURY,40
KEIGHLEY,39
SOLIHULL,39
DUDLEY,38
SALFORD,38
CHESTER,38
OXFORD,38
BOURNEMOUTH,38
WORTHING,38
PRESCOT,36
WEMBLEY,36
CROYDON,36
ROCHESTER,36
MAIDSTONE,36
LOUGHBOROUGH,34
NUNEATON,34
DURHAM,34
EASTBOURNE,33
ENFIELD,32
SLOUGH,32
BIRKENHEAD,32
HALIFAX,32
WATFORD,32
MACCLESFIELD,32
SCUNTHORPE,32
SOUTHPORT,32
LEIGH,31
CANNOCK,31
JERSEY,30
MANSFIELD,30
LEAMINGTON SPA,30
DAGENHAM,30
FAREHAM,30
STOCKTON-ON-TEES,30
SALISBURY,30
WREXHAM,30
EPPING,30
BROMLEY,30
CREWE,29
CRAWLEY,29
REDDITCH,29
BURNLEY,29
THORNTON HEATH,28
HUNTINGDON,28
GUILDFORD,28
TELFORD,28
GRAYS,28
SOUTHEND-ON-SEA,28
PORTSMOUTH,28
HEMEL HEMPSTEAD,28
AYLESBURY,28
ORPINGTON,27
WARWICK,27
WOKING,27
DARLINGTON,27
SOUTH SHIELDS,26
POOLE,26
HOUNSLOW,26
NEWCASTLE,26
BARKING,25
CANTERBURY,25
KIDDERMINSTER,25
DEWSBURY,25
SUTTON COLDFIELD,25
CHORLEY,25
TRURO,25
TUNBRIDGE WELLS,25
EPSOM,24
EDGWARE,24
DARTFORD,24
ACCRINGTON,24
TONBRIDGE,23
RUGBY,23
SUTTON,23
TAUNTON,23
WESTCLIFF-ON-SEA,23
TAMWORTH,22
CHATHAM,22
STOURBRIDGE,22
BROMSGROVE,21
WEDNESBURY,21
HIGH WYCOMBE,21
GOSPORT,21
BURTON-ON-TRENT,21
BOSTON,21
ST. LEONARDS-ON-SEA,21
BFPO,20
STROUD,20
ASHTON-UNDER-LYNE,20
GREAT YARMOUTH,20
BRACKNELL,20
HAYES,20
GRAVESEND,20
UXBRIDGE,20
LEATHERHEAD,20
HORNCHURCH,19
BECKENHAM,19
LOWESTOFT,19
WOKINGHAM,19
AMERSHAM,19
SCARBOROUGH,19
WESTON-SUPER-MARE,19
WIDNES,19
OLDBURY,19
ELLESMERE PORT,19
HARLOW,19
RUNCORN,19
MAIDENHEAD,19
SURBITON,18
BISHOP AUCKLAND,18
BARNET,18
SHEERNESS,18
SMETHWICK,18
BOOTLE,18
BRIDGEND,17
FOLKESTONE,17
BANBURY,17
WINCHESTER,17
FELTHAM,17
MITCHAM,17
NEWARK,17
GRANTHAM,17
ALTRINCHAM,17
CARLISLE,17
ST. ALBANS,17
KETTERING,17
WELWYN GARDEN CITY,16
TORQUAY,16
CLEVEDON,16
BATLEY,16
FARNHAM,16
FARNBOROUGH,16
HORSHAM,16
BASINGSTOKE,16
REDCAR,16
YEOVIL,16
SLEAFORD,16
SITTINGBOURNE,16
ORMSKIRK,16
LANCASTER,16
LEWES,15
LLANELLI,15
ST HELENS,15
HOUGHTON LE SPRING,15
REDHILL,15
WALLINGTON,15
ST. IVES,15
CLACTON-ON-SEA,15
DOVER,15
CHICHESTER,15
SALE,15
WASHINGTON,15
TWICKENHAM,15
STEVENAGE,15
BOGNOR REGIS,15
CAERNARFON,15
SKELMERSDALE,15
BURY ST. EDMUNDS,15
BARRY,15
GUERNSEY,15
WELLINGBOROUGH,15
BRIERLEY HILL,15
BEVERLEY,14
CAMELFORD,14
NEWTON ABBOT,14
WALLASEY,14
RETFORD,14
SHIPLEY,14
NORTHOLT,14
BRENTWOOD,14
BRAINTREE,14
HYTHE,14
BARROW-IN-FURNESS,13
KING'S LYNN,13
RUISLIP,13
GAINSBOROUGH,13
CARSHALTON,13
PINNER,13
MALVERN,13
HALESOWEN,13
KINGSTON UPON THAMES,13
HASTINGS,13
RICHMOND,13
CWMBRAN,13
PONTEFRACT,13
SUTTON-IN-ASHFIELD,13
RHYL,13
EVESHAM,13
CHIPPENHAM,13
MORPETH,13
HEYWOOD,13
SEVENOAKS,13
OAKHAM,13
BRIDGWATER,13
BARNSTAPLE,12
REDRUTH,12
DORKING,12
CHRISTCHURCH,12
NEATH,12
BILLERICAY,12
PORT TALBOT,12
BICESTER,12
STRATFORD-UPON-AVON,12
MARCH,12
CHESTER LE STREET,12
CAMBERLEY,12
HAYWARDS HEATH,12
BENFLEET,12
LEIGH-ON-SEA,12
HAVERFORDWEST,12
PETERLEE,12
GOOLE,12
DORCHESTER,12
MARGATE,12
STANFORD-LE-HOPE,12
NORTHWICH,12
PONTYPOOL,12
EASTLEIGH,12
COLWYN BAY,12
LEYLAND,12
NORTH SHIELDS,11
CARMARTHEN,11
WATERLOOVILLE,11
DUNSTABLE,11
SAFFRON WALDEN,11
DOUGLAS,11
TILBURY,11
WETHERBY,11
ALDERSHOT,11
DEVIZES,11
HITCHIN,11
CORBY,11
LICHFIELD,11
WINSFORD,11
TIPTON,11
ILKESTON,11
ROSSENDALE,11
WINDSOR,11
SWADLINCOTE,11
HOVE,11
NORTHWOOD,11
ABINGDON,11
ROCHFORD,10
WICKFORD,10
RIPON,10
CHERTSEY,10
POTTERS BAR,10
SAWBRIDGEWORTH,10
MERTHYR TYDFIL,10
DROITWICH,10
BEXHILL-ON-SEA,10
CHEADLE,10
RAINHAM,10
LEIGHTON BUZZARD,10
NELSON,10
CANVEY ISLAND,10
ST. AUSTELL,10
DEAL,10
BILSTON,10
SIDCUP,10
COALVILLE,10
NORMANTON,10
SPALDING,10
NEWTON AYCLIFFE,10
LOUTH,10
BRIDLINGTON,10
LITTLEHAMPTON,10
WISBECH,10
ALFRETON,10
WOODBRIDGE,10
WALLSEND,10
HEBBURN,9
ERITH,9
NEWTON-LE-WILLOWS,9
HOLYHEAD,9
HAVANT,9
NEWBURY,9
TEDDINGTON,9
HOLMFIRTH,9
WALTHAM CROSS,9
GUISBOROUGH,9
STANLEY,9
WORKINGTON,9
CIRENCESTER,9
GREENFORD,9
MALTON,9
SKIPTON,9
LYTHAM ST. ANNES,9
HINCKLEY,9
DEESIDE,9
DARWEN,9
RYDE,9
WITHAM,9
PUDSEY,9
HERNE BAY,9
WEYMOUTH,9
CASTLEFORD,9
WORKSOP,9
BEXLEYHEATH,9
PONTYPRIDD,9
STOKE ON TRENT,9
NORTHALLERTON,9
ELY,8
TIVERTON,8
CLITHEROE,8
THATCHAM,8
DEREHAM,8
HYDE,8
PENARTH,8
BISHOP'S STORTFORD,8
ISLEWORTH,8
CAERPHILLY,8
WHITBY,8
PAIGNTON,8
SOUTH CROYDON,8
HERTFORD,8
THETFORD,8
KENDAL,8
SEAHAM,8
BILLINGHAM,8
FELIXSTOWE,8
TEWKESBURY,8
WHITSTABLE,8
SKEGNESS,8
EXMOUTH,8
CONSETT,8
BRECON,8
HELSTON,8
ILKLEY,8
DELABOLE,8
ROYSTON,8
STOWMARKET,8
PENZANCE,8
WILLENHALL,8
HAILSHAM,8
SOUTHSEA,8
MOUNTAIN ASH,8
LANCING,8
WITNEY,8
LISKEARD,8
CAMBORNE,7
AYLESFORD,7
SALTBURN-BY-THE-SEA,7
TORPOINT,7
ANDOVER,7
CLEETHORPES,7
HIGH PEAK,7
WEST DRAYTON,7
WIGSTON,7
WELLING,7
CRANBROOK,7
FLEETWOOD,7
WELWYN,7
NEW MALDEN,7
GLOSSOP,7
BROADSTAIRS,7
NORTH WALSHAM,7
WALTON-ON-THAMES,7
MATLOCK,7
BEDWORTH,7
OSWESTRY,7
FAVERSHAM,7
ST. NEOTS,7
STANMORE,7
EBBW VALE,7
WHITCHURCH,7
WHITLEY BAY,7
RAMSGATE,7
GODALMING,7
LLANDUDNO,7
NEWMARKET,7
ROMSEY,7
SOUTH OCKENDON,7
THORNTON-CLEVELEYS,7
LETCHWORTH GARDEN CITY,7
BUXTON,6
CROWBOROUGH,6
BERKHAMSTED,6
MOLD,6
CHEPSTOW,6
MELTON MOWBRAY,6
BLYTH,6
MARKET DRAYTON,6
ALTON,6
MALDON,6
CLECKHEATON,6
LITTLEBOROUGH,6
CATERHAM,6
WALLINGFORD,6
SUDBURY,6
LEEK,6
BIDEFORD,6
KINGSWINFORD,6
WAREHAM,6
KIDLINGTON,6
ABERYSTWYTH,6
JARROW,6
CRAMLINGTON,6
SHERBORNE,6
CINDERFORD,6
HOOK,6
PETERSFIELD,6
TROWBRIDGE,6
PENRITH,6
HESSLE,6
BROUGH,6
HATFIELD,6
BRIGHOUSE,6
SALTASH,6
BLACKWOOD,6
TONYPANDY,6
NEWQUAY,6
RUSHDEN,6
BELPER,6
RUGELEY,6
BANGOR,6
ABERDARE,6
STALYBRIDGE,6
RADSTOCK,6
PRESTATYN,6
RAYLEIGH,6
ABERTILLERY,5
NEWTOWN,5
HENLEY-ON-THAMES,5
FALMOUTH,5
ASHINGTON,5
ESHER,5
BURGESS HILL,5
RINGWOOD,5
WALTHAM ABBEY,5
RICKMANSWORTH,5
WESTERHAM,5
TENTERDEN,5
UTTOXETER,5
EAST MOLESEY,5
WOODFORD GREEN,5
DURSLEY,5
HEXHAM,5
UPMINSTER,5
WIGTON,5
MORECAMBE,5
SANDWICH,5
ULVERSTON,5
LAUNCESTON,5
PURLEY,5
LYMINGTON,5
DENBIGH,5
ASHBOURNE,5
PULBOROUGH,5
STAINES,5
DAVENTRY,5
SELBY,5
PRINCES RISBOROUGH,5
BURNTWOOD,5
UCKFIELD,5
BUCKHURST HILL,5
WHITEHAVEN,5
SOUTHAM,5
IVYBRIDGE,5
OKEHAMPTON,5
COULSDON,5
BOREHAMWOOD,5
COLNE,5
BLAYDON-ON-TYNE,5
PORTH,5
HARPENDEN,5
IMMINGHAM,5
HALSTEAD,5
SHOREHAM-BY-SEA,5
NEWPORT PAGNELL,5
CHIPPING NORTON,5
MELKSHAM,5
CHESSINGTON,5
NEW MILTON,5
LIVERSEDGE,5
STAMFORD,5
MARKET HARBOROUGH,5
NANTWICH,5
CATTERICK GARRISON,5
GERRARDS CROSS,5
MINEHEAD,5
ROWLEY REGIS,5
HODDESDON,5
FERNDOWN,5
WILMSLOW,5
DISS,5
DUKINFIELD,5
ALNWICK,4
BRADFORD-ON-AVON,4
CONGLETON,4
WYMONDHAM,4
BARNOLDSWICK,4
MARLBOROUGH,4
PRENTON,4
ILMINSTER,4
BUDE,4
WEYBRIDGE,4
BIGGLESWADE,4
MARKET RASEN,4
WARE,4
HUNGERFORD,4
TARPORLEY,4
WANTAGE,4
SPENNYMOOR,4
HORNCASTLE,4
WIMBORNE,4
HORLEY,4
BRIDGNORTH,4
HOLYWELL,4
STONEHOUSE,4
HECKMONDWIKE,4
LEOMINSTER,4
HEATHFIELD,4
BARNARD CASTLE,4
HEANOR,4
ASCOT,4
TREDEGAR,4
PWLLHELI,4
SANDY,4
PRUDHOE,4
FROME,4
POULTON-LE-FYLDE,4
FLEET,4
CORWEN,4
ROSS-ON-WYE,4
CARNFORTH,4
WEST WICKHAM,4
PEMBROKE DOCK,4
THIRSK,4
OTLEY,4
EYE,4
BRENTFORD,4
THAMES DITTON,4
BLANDFORD FORUM,4
LYDNEY,4
BINGLEY,4
LUTTERWORTH,4
BEXLEY,4
MORDEN,4
WARMINSTER,4
WEST BYFLEET,4
NEW ROMNEY,4
DRONFIELD,4
BANSTEAD,4
TEIGNMOUTH,4
NESTON,4
TAVISTOCK,4
MEXBOROUGH,4
DIDCOT,4
ST AUSTELL,4
MORETON-IN-MARSH,4
WINGATE,3
KNARESBOROUGH,3
SHEFFORD,3
MILNTHORPE,3
ALDERLEY EDGE,3
ELLAND,3
BRANDON,3
EGREMONT,3
BELVEDERE,3
EGHAM,3
WEST MALLING,3
SHAFTESBURY,3
BUNGAY,3
EAST GRINSTEAD,3
BRIDPORT,3
TREORCHY,3
BOURNE,3
DUNMOW,3
WORCESTER PARK,3
SETTLE,3
STOCKBRIDGE,3
ST. COLUMB,3
ST. MARY'S,3
ST. ASAPH,3
ARUNDEL,3
HENGOED,3
BURY ST EDMUNDS,3
DOWNHAM MARKET,3
BUCKINGHAM,3
TREHARRIS,3
BRIXHAM,3
LUDLOW,3
ST NEOTS,3
LAMPETER,3
MABLETHORPE,3
SEAFORD,3
WOTTON-UNDER-EDGE,3
KINGSBRIDGE,3
FLINT,3
LOUGHTON,3
WALTON ON THAMES,3
KINGS LYNN,3
KNUTSFORD,3
HAYLE,3
BARTON-UPON-HUMBER,3
CULLOMPTON,3
BARGOED,3
CROWTHORNE,3
BACUP,3
ALCESTER,3
ASHTON UNDER LYNE,3
ABERGAVENNY,3
LYNDHURST,3
CREDITON,3
EMSWORTH,3
USK,3
MILFORD HAVEN,3
CRAVEN ARMS,3
RYE,3
HAVERHILL,3
BROXBOURNE,3
HARWICH,3
OSSETT,3
CRADLEY HEATH,3
BRIGG,3
SHEPTON MALLET,3
GRANGE-OVER-SANDS,3
CORSHAM,3
MIDDLEWICH,3
CONWY,3
STREET,3
PORTLAND,3
BRACKLEY,3
HAMPTON,3
BORDON,3
COLEFORD,3
GATWICK,3
COCKERMOUTH,3
FRODSHAM,3
COBHAM,3
SOUTHMINSTER,3
SWANLEY,3
STOCKTON ON TEES,3
CHISLEHURST,3
SOUTHEND ON SEA,3
LLANGEFNI,3
TIDWORTH,3
SWAFFHAM,3
BEDLINGTON,3
CHIGWELL,3
NEWHAVEN,3
POLEGATE,3
HONITON,3
CHESHAM,3
FAKENHAM,3
CHARD,3
TRING,3
WELLINGTON,3
WADEBRIDGE,3
TOTNES,3
WEST MOLESEY,3
PERSHORE,3
ATHERSTONE,3
MAESTEG,3
HOCKLEY,3
SOWERBY BRIDGE,3
AMMANFORD,3
RYTON,3
RIPLEY,3
CALNE,3
ALDEBURGH,3
PEACEHAVEN,3
BUSHEY,3
CROOK,3
TADWORTH,3
COTTINGHAM,3
FILEY,2
ONGAR,2
BURRY PORT,2
KINGS LANGLEY,2
STONE,2
ROBERTSBRIDGE,2
ALRESFORD,2
THAME,2
BUCKLEY,2
KIDWELLY,2
TODMORDEN,2
LYMM,2
BEAWORTHY,2
YARM,2
LEIGH ON SEA,2
HOLT,2
ABERGELE,2
HOLSWORTHY,2
BUNTINGFORD,2
MARAZION,2
SIDMOUTH,2
EDINBURGH,2
RUTHIN,2
TETBURY,2
YELVERTON,2
EDENBRIDGE,2
BEXHILL ON SEA,2
LYME REGIS,2
STEYNING,2
REIGATE,2
LYTHAM ST ANNES,2
SHANKLIN,2
APPLEBY-IN-WESTMORLAND,2
TENBURY WELLS,2
SNODLAND,2
HIGHBRIDGE,2
OXTED,2
KESWICK,2
BURNHAM-ON-CROUCH,2
KENILWORTH,2
MIRFIELD,2
DRIFFIELD,2
GREENHITHE,2
MANNINGTREE,2
STURMINSTER NEWTON,2
WHITLAND,2
STUDLEY,2
MONMOUTH,2
MACHYNLLETH,2
WINDERMERE,2
BORTH,2
SEATON,2
STOURPORT-ON-SEVERN,2
ST ALBANS,2
BILLINGSHURST,2
PURFLEET,2
SHILDON,2
SPILSBY,2
BEACONSFIELD,2
DAWLISH,2
STANSTED,2
DARTMOUTH,2
BALDOCK,2
WOODHALL SPA,2
ATTLEBOROUGH,2
HENFIELD,2
SHEPPERTON,2
LONGFIELD,2
FARINGDON,2
CROMER,2
ALFORD,2
CREWKERNE,2
KNOTTINGLEY,2
JURBY,2
SOUTH MOLTON,2
HELENSBURGH,2
BURTON ON TRENT,2
MARTOCK,2
BURNHAM-ON-SEA,2
MARLOW,2
BURFORD,2
SOMERTON,2
ABBOTS LANGLEY,2
COWBRIDGE,2
TORRINGTON,2
TADLEY,2
WESTGATE-ON-SEA,2
HAYLING ISLAND,2
BROADSTONE,2
CORBRIDGE,2
MIDHURST,2
ISLE OF MAN,2
GREAT MISSENDEN,2
PORTHMADOG,2
ILFRACOMBE,2
TYN-Y-GONGL,2
WOOLER,2
PORTHCAWL,2
BRAMPTON,2
TOWCESTER,2
LIPHOOK,2
LLANRWST,2
STRATFORD UPON AVON,2
WINCANTON,2
LINGFIELD,2
PORT ERIN,2
BOLDON COLLIERY,2
LLANIDLOES,2
GLASTONBURY,2
WELSHPOOL,2
NORTH FERRIBY,2
LLANGOLLEN,2
YATELEY,2
PONTYCLUN,2
LEYBURN,2
HASSOCKS,2
BECCLES,2
HASLEMERE,2
BEAMINSTER,2
INGATESTONE,2
BATTLE,2
WELLS,2
WARLINGHAM,2
PEWSEY,2
NEW TREDEGAR,2
SANDOWN,2
FERRYHILL,2
MILLOM,2
BAKEWELL,2
LLANDYSUL,2
FERNDALE,2
SUTTON IN ASHFIELD,2
ASHTEAD,2
CARTERTON,2
ASHBY-DE-LA-ZOUCH,2
MALMESBURY,2
ROMNEY MARSH,2
PERRANPORTH,2
NARBERTH,2
CARDIGAN,2
AMBLESIDE,2
PENRYN,2
MUCH HADHAM,2
LLANDUDNO JUNCTION,2
FAIRFORD,2
SANDBACH,2
ADDLESTONE,2
CALLINGTON,2
LEDBURY,2
HALESWORTH,2
HOPE VALLEY,2
PAR,2
LLANDRINDOD WELLS,2
VENTNOR,2
NEWENT,1
PENRHYNDEUDRAETH,1
ASKAM-IN-FURNESS,1
MAYFIELD,1
BERKELEY,1
CALDICOT,1
FISHGUARD,1
ETCHINGHAM,1
LEE-ON-THE-SOLENT,1
WINDLESHAM,1
SAUNDERSFOOT,1
EAST COWES,1
BEDALE,1
KIRKBY-IN-FURNESS,1
PICKERING,1
LLANDOVERY,1
BAGSHOT,1
SALTBURN BY THE SEA,1
CASTLETOWN,1
HEBDEN BRIDGE,1
SEASCALE,1
SUNBURY-ON-THAMES,1
WARMLEY,1
CRANLEIGH,1
BETCHWORTH,1
EAST BOLDON,1
BELFORD,1
LLANDEILO,1
BEAUMARIS,1
OTTERY ST. MARY,1
FORDINGBRIDGE,1
RAMSEY,1
ROWLAND'S CASTLE,1
IVER,1
BALLASALLA,1
HADLEIGH,1
AXMINSTER,1
COWES,1
CUMBERLAND ROAD,1
HINDHEAD,1
CASTLE CARY,1
WITHERNSEA,1
ALSTON,1
DOLGELLAU,1
PENTRE,1
LLANYBYDDER,1
PEEL,1
WALTON ON THE NAZE,1
GAERWEN,1
COSELEY,1
RHAYADER,1
TREGARON,1
BERWICK UPON TWEED,1
SOUTHWOLD,1
CHIPPING CAMPDEN,1
BUCKFASTLEIGH,1
FOWEY,1
BRUTON,1
LOSSIEMOUTH,1
ST. AGNES,1
WELLS-NEXT-THE-SEA,1
SOUTHWELL,1
NEWCASTLE UNDER LYME,1
BROSELEY,1
MALPAS,1
BROMYARD,1
BARNETBY,1
SEDBERGH,1
NEW QUAY,1
SUFFOLK,1
WOODSTOCK,1
BROCKENHURST,1
BALA,1
BROADWAY,1
CHATTERIS,1
TADCASTER,1
LLANFAIRFECHAN,1
SALCOMBE,1
WEST YORKSHIRE,1
DINAS POWYS,1
MARYPORT,1
TYWYN,1
ARLESEY,1
SEAVIEW,1
DRYBROOK,1
LISS,1
MUCH WENLOCK,1
CONISTON,1
LYNTON,1
HAWES,1
SOUTH BRENT,1
KIRKBY STEPHEN,1
LEE ON THE SOLENT,1
ONCHAN,1
HALTWHISTLE,1
OLNEY,1
CRICCIETH,1
TENBY,1
ST MARYS,1
LLANTWIT MAJOR,1
STOCKSFIELD,1
WATLINGTON,1
BEWDLEY,1
RADLETT,1
BETWS-Y-COED,1
IBSTOCK,1
BERWICK-UPON-TWEED,1
BRAUNTON,1
MONTGOMERY,1
HENLOW,1
WADHURST,1
SAXMUNDHAM,1
FRINTON-ON-SEA,1
MITCHELDEAN,1
FRESHWATER,1
GOODWICK,1
FORRES,1
KNEBWORTH,1
FOREST ROW,1
BRADDAN,1
INVERNESS,1
NTH LINCS,1
PRESTWICK,1
GODSTONE,1
PITSEA,1
NR SPALDING,1
DALTON-IN-FURNESS,1
BOURNE END,1
NEWCASTLE EMLYN,1
KNIGHTON,1
LLANFYLLIN,1
PORT ISAAC,1
LEISTON,1
BOSCASTLE,1
ROWLANDS GILL,1
DUNFERMLINE,1
SHIFNAL,1
HENLEY-IN-ARDEN,1
BARMOUTH,1
WESTCLIFF ON SEA,1
SHERINGHAM,1
"STRANG, DOUGLAS",1
LLANFAIRPWLLGWYNGYLL,1
DULVERTON,1
BAMPTON,1
ST. ANDREWS,1
PEVENSEY,1
LOSTWITHIEL,1
CHEDDAR,1
BODORGAN,1
PETWORTH,1
KINGTON,1
LANGPORT,1
Y FELINHELI,1
AXBRIDGE,1
LIGHTWATER,1
KINGSTON UPON HULL,1
CHURCH STRETTON,1
WARD END,1
BLAKENEY,1
PRESTEIGNE,1
BLAENAU FFESTINIOG,1
SOUTH YORKSHIRE,1
LIFTON,1
VIRGINIA WATER,1
NORTHAMPTONSHIRE,1
CRYMYCH,1
GLASGOW,1
ARBROATH,1
CHULMLEIGH,1
LOOE,1
BISHOPS STORTFORD,1
AMLWCH,1
BISHOPS CASTLE,1
SANDHURST,1
STOKE-SUB-HAMDON,1
HORNSEA,1
NORTH TAWTON,1
HARLESTON,1
WOTTON UNDER EDGE,1
KENLEY,1
BIRCHINGTON,1
VERWOOD,1
WESTBURY-ON-SEVERN,1
MARKFIELD,1
SWANAGE,1
ELLESMERE,1
HENLEY ON THAMES,1
CRICKHOWELL,1
CHOPPINGTON,1
LECHLADE,1
NOBLES HOSPITAL,1
WHYTELEAFE,1
SHIPSTON-ON-STOUR,1
ABERAERON,1
WINSCOMBE,1
WESTBURY,1
BUILTH WELLS,1
BUDLEIGH SALTERTON,1
(blan,
Grand Total,15493
